,filename,width,height
0,dog_0000._slice1.jpg,58,44
1,dog_0000._slice2.jpg,58,44
2,dog_0000._slice3.jpg,58,44
3,dog_0000._slice4.jpg,58,44
4,dog_0001._slice1.jpg,45,100
5,dog_0001._slice2.jpg,45,100
6,dog_0001._slice3.jpg,45,100
7,dog_0001._slice4.jpg,45,100
8,dog_0002._slice1.jpg,124,237
9,dog_0002._slice2.jpg,124,237
10,dog_0002._slice3.jpg,124,237
11,dog_0002._slice4.jpg,124,237
12,dog_0003._slice1.jpg,141,237
13,dog_0003._slice2.jpg,141,237
14,dog_0003._slice3.jpg,141,237
15,dog_0003._slice4.jpg,141,237
16,dog_0004._slice1.jpg,168,107
17,dog_0004._slice2.jpg,168,107
18,dog_0004._slice3.jpg,168,107
19,dog_0004._slice4.jpg,168,107
20,dog_0005._slice1.jpg,76,111
21,dog_0005._slice2.jpg,76,111
22,dog_0005._slice3.jpg,76,111
23,dog_0005._slice4.jpg,76,111
24,dog_0006._slice1.jpg,191,186
25,dog_0006._slice2.jpg,191,186
26,dog_0006._slice3.jpg,191,186
27,dog_0006._slice4.jpg,191,186
28,dog_0007._slice1.jpg,183,179
29,dog_0007._slice2.jpg,183,179
30,dog_0007._slice3.jpg,183,179
31,dog_0007._slice4.jpg,183,179
32,dog_0008._slice1.jpg,136,158
33,dog_0008._slice2.jpg,136,158
34,dog_0008._slice3.jpg,136,158
35,dog_0008._slice4.jpg,136,158
36,dog_0009._slice1.jpg,216,182
37,dog_0009._slice2.jpg,216,182
38,dog_0009._slice3.jpg,216,182
39,dog_0009._slice4.jpg,216,182
40,dog_0010._slice1.jpg,69,45
41,dog_0010._slice2.jpg,69,45
42,dog_0010._slice3.jpg,69,45
43,dog_0010._slice4.jpg,69,45
44,dog_0011._slice1.jpg,128,171
45,dog_0011._slice2.jpg,128,171
46,dog_0011._slice3.jpg,128,171
47,dog_0011._slice4.jpg,128,171
48,dog_0012._slice1.jpg,62,81
49,dog_0012._slice2.jpg,62,81
50,dog_0012._slice3.jpg,62,81
51,dog_0012._slice4.jpg,62,81
52,dog_0013._slice1.jpg,89,111
53,dog_0013._slice2.jpg,89,111
54,dog_0013._slice3.jpg,89,111
55,dog_0013._slice4.jpg,89,111
56,dog_0014._slice1.jpg,105,131
57,dog_0014._slice2.jpg,105,131
58,dog_0014._slice3.jpg,105,131
59,dog_0014._slice4.jpg,105,131
60,dog_0015._slice1.jpg,208,134
61,dog_0015._slice2.jpg,208,134
62,dog_0015._slice3.jpg,208,134
63,dog_0015._slice4.jpg,208,134
64,dog_0016._slice1.jpg,156,167
65,dog_0016._slice2.jpg,156,167
66,dog_0016._slice3.jpg,156,167
67,dog_0016._slice4.jpg,156,167
68,dog_0017._slice1.jpg,164,218
69,dog_0017._slice2.jpg,164,218
70,dog_0017._slice3.jpg,164,218
71,dog_0017._slice4.jpg,164,218
72,dog_0018._slice1.jpg,132,146
73,dog_0018._slice2.jpg,132,146
74,dog_0018._slice3.jpg,132,146
75,dog_0018._slice4.jpg,132,146
76,dog_0019._slice1.jpg,94,68
77,dog_0019._slice2.jpg,94,68
78,dog_0019._slice3.jpg,94,68
79,dog_0019._slice4.jpg,94,68
80,dog_0020._slice1.jpg,145,177
81,dog_0020._slice2.jpg,145,177
82,dog_0020._slice3.jpg,145,177
83,dog_0020._slice4.jpg,145,177
84,dog_0021._slice1.jpg,137,239
85,dog_0021._slice2.jpg,137,239
86,dog_0021._slice3.jpg,137,239
87,dog_0021._slice4.jpg,137,239
88,dog_0022._slice1.jpg,219,182
89,dog_0022._slice2.jpg,219,182
90,dog_0022._slice3.jpg,219,182
91,dog_0022._slice4.jpg,219,182
92,dog_0023._slice1.jpg,246,226
93,dog_0023._slice2.jpg,246,226
94,dog_0023._slice3.jpg,246,226
95,dog_0023._slice4.jpg,246,226
96,dog_0024._slice1.jpg,35,32
97,dog_0024._slice2.jpg,35,32
98,dog_0024._slice3.jpg,35,32
99,dog_0024._slice4.jpg,35,32
100,dog_0025._slice1.jpg,93,171
101,dog_0025._slice2.jpg,93,171
102,dog_0025._slice3.jpg,93,171
103,dog_0025._slice4.jpg,93,171
104,dog_0026._slice1.jpg,217,131
105,dog_0026._slice2.jpg,217,131
106,dog_0026._slice3.jpg,217,131
107,dog_0026._slice4.jpg,217,131
108,dog_0027._slice1.jpg,91,107
109,dog_0027._slice2.jpg,91,107
110,dog_0027._slice3.jpg,91,107
111,dog_0027._slice4.jpg,91,107
112,dog_0028._slice1.jpg,74,105
113,dog_0028._slice2.jpg,74,105
114,dog_0028._slice3.jpg,74,105
115,dog_0028._slice4.jpg,74,105
116,dog_0029._slice1.jpg,156,133
117,dog_0029._slice2.jpg,156,133
118,dog_0029._slice3.jpg,156,133
119,dog_0029._slice4.jpg,156,133
120,dog_0030._slice1.jpg,188,118
121,dog_0030._slice2.jpg,188,118
122,dog_0030._slice3.jpg,188,118
123,dog_0030._slice4.jpg,188,118
124,dog_0031._slice1.jpg,238,246
125,dog_0031._slice2.jpg,238,246
126,dog_0031._slice3.jpg,238,246
127,dog_0031._slice4.jpg,238,246
128,dog_0032._slice1.jpg,38,86
129,dog_0032._slice2.jpg,38,86
130,dog_0032._slice3.jpg,38,86
131,dog_0032._slice4.jpg,38,86
132,dog_0033._slice1.jpg,127,123
133,dog_0033._slice2.jpg,127,123
134,dog_0033._slice3.jpg,127,123
135,dog_0033._slice4.jpg,127,123
136,dog_0034._slice1.jpg,43,44
137,dog_0034._slice2.jpg,43,44
138,dog_0034._slice3.jpg,43,44
139,dog_0034._slice4.jpg,43,44
140,dog_0035._slice1.jpg,234,150
141,dog_0035._slice2.jpg,234,150
142,dog_0035._slice3.jpg,234,150
143,dog_0035._slice4.jpg,234,150
144,dog_0036._slice1.jpg,147,109
145,dog_0036._slice2.jpg,147,109
146,dog_0036._slice3.jpg,147,109
147,dog_0036._slice4.jpg,147,109
148,dog_0037._slice1.jpg,83,113
149,dog_0037._slice2.jpg,83,113
150,dog_0037._slice3.jpg,83,113
151,dog_0037._slice4.jpg,83,113
152,dog_0038._slice1.jpg,137,159
153,dog_0038._slice2.jpg,137,159
154,dog_0038._slice3.jpg,137,159
155,dog_0038._slice4.jpg,137,159
156,dog_0039._slice1.jpg,200,180
157,dog_0039._slice2.jpg,200,180
158,dog_0039._slice3.jpg,200,180
159,dog_0039._slice4.jpg,200,180
160,dog_0040._slice1.jpg,133,169
161,dog_0040._slice2.jpg,133,169
162,dog_0040._slice3.jpg,133,169
163,dog_0040._slice4.jpg,133,169
164,dog_0041._slice1.jpg,230,176
165,dog_0041._slice2.jpg,230,176
166,dog_0041._slice3.jpg,230,176
167,dog_0041._slice4.jpg,230,176
168,dog_0042._slice1.jpg,85,200
169,dog_0042._slice2.jpg,85,200
170,dog_0042._slice3.jpg,85,200
171,dog_0042._slice4.jpg,85,200
172,dog_0043._slice1.jpg,109,103
173,dog_0043._slice2.jpg,109,103
174,dog_0043._slice3.jpg,109,103
175,dog_0043._slice4.jpg,109,103
176,dog_0044._slice1.jpg,132,169
177,dog_0044._slice2.jpg,132,169
178,dog_0044._slice3.jpg,132,169
179,dog_0044._slice4.jpg,132,169
180,dog_0045._slice1.jpg,225,169
181,dog_0045._slice2.jpg,225,169
182,dog_0045._slice3.jpg,225,169
183,dog_0045._slice4.jpg,225,169
184,dog_0046._slice1.jpg,119,183
185,dog_0046._slice2.jpg,119,183
186,dog_0046._slice3.jpg,119,183
187,dog_0046._slice4.jpg,119,183
188,dog_0047._slice1.jpg,78,120
189,dog_0047._slice2.jpg,78,120
190,dog_0047._slice3.jpg,78,120
191,dog_0047._slice4.jpg,78,120
192,dog_0048._slice1.jpg,129,158
193,dog_0048._slice2.jpg,129,158
194,dog_0048._slice3.jpg,129,158
195,dog_0048._slice4.jpg,129,158
196,dog_0049._slice1.jpg,175,155
197,dog_0049._slice2.jpg,175,155
198,dog_0049._slice3.jpg,175,155
199,dog_0049._slice4.jpg,175,155
200,dog_0050._slice1.jpg,119,165
201,dog_0050._slice2.jpg,119,165
202,dog_0050._slice3.jpg,119,165
203,dog_0050._slice4.jpg,119,165
204,dog_0051._slice1.jpg,99,120
205,dog_0051._slice2.jpg,99,120
206,dog_0051._slice3.jpg,99,120
207,dog_0051._slice4.jpg,99,120
208,dog_0052._slice1.jpg,191,193
209,dog_0052._slice2.jpg,191,193
210,dog_0052._slice3.jpg,191,193
211,dog_0052._slice4.jpg,191,193
212,dog_0053._slice1.jpg,144,184
213,dog_0053._slice2.jpg,144,184
214,dog_0053._slice3.jpg,144,184
215,dog_0053._slice4.jpg,144,184
216,dog_0054._slice1.jpg,28,25
217,dog_0054._slice2.jpg,28,25
218,dog_0054._slice3.jpg,28,25
219,dog_0054._slice4.jpg,28,25
220,dog_0055._slice1.jpg,246,184
221,dog_0055._slice2.jpg,246,184
222,dog_0055._slice3.jpg,246,184
223,dog_0055._slice4.jpg,246,184
224,dog_0056._slice1.jpg,147,196
225,dog_0056._slice2.jpg,147,196
226,dog_0056._slice3.jpg,147,196
227,dog_0056._slice4.jpg,147,196
228,dog_0057._slice1.jpg,223,170
229,dog_0057._slice2.jpg,223,170
230,dog_0057._slice3.jpg,223,170
231,dog_0057._slice4.jpg,223,170
232,dog_0058._slice1.jpg,69,116
233,dog_0058._slice2.jpg,69,116
234,dog_0058._slice3.jpg,69,116
235,dog_0058._slice4.jpg,69,116
236,dog_0059._slice1.jpg,116,217
237,dog_0059._slice2.jpg,116,217
238,dog_0059._slice3.jpg,116,217
239,dog_0059._slice4.jpg,116,217
240,dog_0060._slice1.jpg,143,110
241,dog_0060._slice2.jpg,143,110
242,dog_0060._slice3.jpg,143,110
243,dog_0060._slice4.jpg,143,110
244,dog_0061._slice1.jpg,94,176
245,dog_0061._slice2.jpg,94,176
246,dog_0061._slice3.jpg,94,176
247,dog_0061._slice4.jpg,94,176
248,dog_0062._slice1.jpg,86,142
249,dog_0062._slice2.jpg,86,142
250,dog_0062._slice3.jpg,86,142
251,dog_0062._slice4.jpg,86,142
252,dog_0063._slice1.jpg,228,176
253,dog_0063._slice2.jpg,228,176
254,dog_0063._slice3.jpg,228,176
255,dog_0063._slice4.jpg,228,176
256,dog_0064._slice1.jpg,47,42
257,dog_0064._slice2.jpg,47,42
258,dog_0064._slice3.jpg,47,42
259,dog_0064._slice4.jpg,47,42
260,dog_0065._slice1.jpg,158,212
261,dog_0065._slice2.jpg,158,212
262,dog_0065._slice3.jpg,158,212
263,dog_0065._slice4.jpg,158,212
264,dog_0066._slice1.jpg,197,133
265,dog_0066._slice2.jpg,197,133
266,dog_0066._slice3.jpg,197,133
267,dog_0066._slice4.jpg,197,133
268,dog_0067._slice1.jpg,114,113
269,dog_0067._slice2.jpg,114,113
270,dog_0067._slice3.jpg,114,113
271,dog_0067._slice4.jpg,114,113
272,dog_0068._slice1.jpg,172,236
273,dog_0068._slice2.jpg,172,236
274,dog_0068._slice3.jpg,172,236
275,dog_0068._slice4.jpg,172,236
276,dog_0069._slice1.jpg,195,225
277,dog_0069._slice2.jpg,195,225
278,dog_0069._slice3.jpg,195,225
279,dog_0069._slice4.jpg,195,225
280,dog_0070._slice1.jpg,199,157
281,dog_0070._slice2.jpg,199,157
282,dog_0070._slice3.jpg,199,157
283,dog_0070._slice4.jpg,199,157
284,dog_0071._slice1.jpg,154,137
285,dog_0071._slice2.jpg,154,137
286,dog_0071._slice3.jpg,154,137
287,dog_0071._slice4.jpg,154,137
288,dog_0072._slice1.jpg,50,91
289,dog_0072._slice2.jpg,50,91
290,dog_0072._slice3.jpg,50,91
291,dog_0072._slice4.jpg,50,91
292,dog_0073._slice1.jpg,244,186
293,dog_0073._slice2.jpg,244,186
294,dog_0073._slice3.jpg,244,186
295,dog_0073._slice4.jpg,244,186
296,dog_0074._slice1.jpg,115,161
297,dog_0074._slice2.jpg,115,161
298,dog_0074._slice3.jpg,115,161
299,dog_0074._slice4.jpg,115,161
300,dog_0075._slice1.jpg,231,240
301,dog_0075._slice2.jpg,231,240
302,dog_0075._slice3.jpg,231,240
303,dog_0075._slice4.jpg,231,240
304,dog_0076._slice1.jpg,85,87
305,dog_0076._slice2.jpg,85,87
306,dog_0076._slice3.jpg,85,87
307,dog_0076._slice4.jpg,85,87
308,dog_0077._slice1.jpg,195,197
309,dog_0077._slice2.jpg,195,197
310,dog_0077._slice3.jpg,195,197
311,dog_0077._slice4.jpg,195,197
312,dog_0078._slice1.jpg,44,28
313,dog_0078._slice2.jpg,44,28
314,dog_0078._slice3.jpg,44,28
315,dog_0078._slice4.jpg,44,28
316,dog_0079._slice1.jpg,130,143
317,dog_0079._slice2.jpg,130,143
318,dog_0079._slice3.jpg,130,143
319,dog_0079._slice4.jpg,130,143
320,dog_0080._slice1.jpg,144,223
321,dog_0080._slice2.jpg,144,223
322,dog_0080._slice3.jpg,144,223
323,dog_0080._slice4.jpg,144,223
324,dog_0081._slice1.jpg,192,153
325,dog_0081._slice2.jpg,192,153
326,dog_0081._slice3.jpg,192,153
327,dog_0081._slice4.jpg,192,153
328,dog_0082._slice1.jpg,148,133
329,dog_0082._slice2.jpg,148,133
330,dog_0082._slice3.jpg,148,133
331,dog_0082._slice4.jpg,148,133
332,dog_0083._slice1.jpg,96,121
333,dog_0083._slice2.jpg,96,121
334,dog_0083._slice3.jpg,96,121
335,dog_0083._slice4.jpg,96,121
336,dog_0084._slice1.jpg,130,222
337,dog_0084._slice2.jpg,130,222
338,dog_0084._slice3.jpg,130,222
339,dog_0084._slice4.jpg,130,222
340,dog_0085._slice1.jpg,142,189
341,dog_0085._slice2.jpg,142,189
342,dog_0085._slice3.jpg,142,189
343,dog_0085._slice4.jpg,142,189
344,dog_0086._slice1.jpg,117,164
345,dog_0086._slice2.jpg,117,164
346,dog_0086._slice3.jpg,117,164
347,dog_0086._slice4.jpg,117,164
348,dog_0087._slice1.jpg,115,164
349,dog_0087._slice2.jpg,115,164
350,dog_0087._slice3.jpg,115,164
351,dog_0087._slice4.jpg,115,164
352,dog_0088._slice1.jpg,93,138
353,dog_0088._slice2.jpg,93,138
354,dog_0088._slice3.jpg,93,138
355,dog_0088._slice4.jpg,93,138
356,dog_0089._slice1.jpg,235,226
357,dog_0089._slice2.jpg,235,226
358,dog_0089._slice3.jpg,235,226
359,dog_0089._slice4.jpg,235,226
360,dog_0090._slice1.jpg,142,188
361,dog_0090._slice2.jpg,142,188
362,dog_0090._slice3.jpg,142,188
363,dog_0090._slice4.jpg,142,188
364,dog_0091._slice1.jpg,171,167
365,dog_0091._slice2.jpg,171,167
366,dog_0091._slice3.jpg,171,167
367,dog_0091._slice4.jpg,171,167
368,dog_0092._slice1.jpg,85,118
369,dog_0092._slice2.jpg,85,118
370,dog_0092._slice3.jpg,85,118
371,dog_0092._slice4.jpg,85,118
372,dog_0093._slice1.jpg,123,161
373,dog_0093._slice2.jpg,123,161
374,dog_0093._slice3.jpg,123,161
375,dog_0093._slice4.jpg,123,161
376,dog_0094._slice1.jpg,112,211
377,dog_0094._slice2.jpg,112,211
378,dog_0094._slice3.jpg,112,211
379,dog_0094._slice4.jpg,112,211
380,dog_0095._slice1.jpg,106,209
381,dog_0095._slice2.jpg,106,209
382,dog_0095._slice3.jpg,106,209
383,dog_0095._slice4.jpg,106,209
384,dog_0096._slice1.jpg,155,231
385,dog_0096._slice2.jpg,155,231
386,dog_0096._slice3.jpg,155,231
387,dog_0096._slice4.jpg,155,231
388,dog_0097._slice1.jpg,85,96
389,dog_0097._slice2.jpg,85,96
390,dog_0097._slice3.jpg,85,96
391,dog_0097._slice4.jpg,85,96
392,dog_0098._slice1.jpg,107,73
393,dog_0098._slice2.jpg,107,73
394,dog_0098._slice3.jpg,107,73
395,dog_0098._slice4.jpg,107,73
396,dog_0099._slice1.jpg,149,194
397,dog_0099._slice2.jpg,149,194
398,dog_0099._slice3.jpg,149,194
399,dog_0099._slice4.jpg,149,194
400,dog_0100._slice1.jpg,128,163
401,dog_0100._slice2.jpg,128,163
402,dog_0100._slice3.jpg,128,163
403,dog_0100._slice4.jpg,128,163
404,dog_0101._slice1.jpg,83,82
405,dog_0101._slice2.jpg,83,82
406,dog_0101._slice3.jpg,83,82
407,dog_0101._slice4.jpg,83,82
408,dog_0102._slice1.jpg,163,205
409,dog_0102._slice2.jpg,163,205
410,dog_0102._slice3.jpg,163,205
411,dog_0102._slice4.jpg,163,205
412,dog_0103._slice1.jpg,123,158
413,dog_0103._slice2.jpg,123,158
414,dog_0103._slice3.jpg,123,158
415,dog_0103._slice4.jpg,123,158
416,dog_0104._slice1.jpg,131,211
417,dog_0104._slice2.jpg,131,211
418,dog_0104._slice3.jpg,131,211
419,dog_0104._slice4.jpg,131,211
420,dog_0105._slice1.jpg,135,162
421,dog_0105._slice2.jpg,135,162
422,dog_0105._slice3.jpg,135,162
423,dog_0105._slice4.jpg,135,162
424,dog_0106._slice1.jpg,187,211
425,dog_0106._slice2.jpg,187,211
426,dog_0106._slice3.jpg,187,211
427,dog_0106._slice4.jpg,187,211
428,dog_0107._slice1.jpg,92,96
429,dog_0107._slice2.jpg,92,96
430,dog_0107._slice3.jpg,92,96
431,dog_0107._slice4.jpg,92,96
432,dog_0108._slice1.jpg,109,177
433,dog_0108._slice2.jpg,109,177
434,dog_0108._slice3.jpg,109,177
435,dog_0108._slice4.jpg,109,177
436,dog_0109._slice1.jpg,87,245
437,dog_0109._slice2.jpg,87,245
438,dog_0109._slice3.jpg,87,245
439,dog_0109._slice4.jpg,87,245
440,dog_0110._slice1.jpg,134,151
441,dog_0110._slice2.jpg,134,151
442,dog_0110._slice3.jpg,134,151
443,dog_0110._slice4.jpg,134,151
444,dog_0111._slice1.jpg,114,183
445,dog_0111._slice2.jpg,114,183
446,dog_0111._slice3.jpg,114,183
447,dog_0111._slice4.jpg,114,183
448,dog_0112._slice1.jpg,233,174
449,dog_0112._slice2.jpg,233,174
450,dog_0112._slice3.jpg,233,174
451,dog_0112._slice4.jpg,233,174
452,dog_0113._slice1.jpg,125,212
453,dog_0113._slice2.jpg,125,212
454,dog_0113._slice3.jpg,125,212
455,dog_0113._slice4.jpg,125,212
456,dog_0114._slice1.jpg,104,240
457,dog_0114._slice2.jpg,104,240
458,dog_0114._slice3.jpg,104,240
459,dog_0114._slice4.jpg,104,240
460,dog_0115._slice1.jpg,79,150
461,dog_0115._slice2.jpg,79,150
462,dog_0115._slice3.jpg,79,150
463,dog_0115._slice4.jpg,79,150
464,dog_0116._slice1.jpg,125,215
465,dog_0116._slice2.jpg,125,215
466,dog_0116._slice3.jpg,125,215
467,dog_0116._slice4.jpg,125,215
468,dog_0117._slice1.jpg,127,67
469,dog_0117._slice2.jpg,127,67
470,dog_0117._slice3.jpg,127,67
471,dog_0117._slice4.jpg,127,67
472,dog_0118._slice1.jpg,61,58
473,dog_0118._slice2.jpg,61,58
474,dog_0118._slice3.jpg,61,58
475,dog_0118._slice4.jpg,61,58
476,dog_0119._slice1.jpg,51,173
477,dog_0119._slice2.jpg,51,173
478,dog_0119._slice3.jpg,51,173
479,dog_0119._slice4.jpg,51,173
480,dog_0120._slice1.jpg,192,176
481,dog_0120._slice2.jpg,192,176
482,dog_0120._slice3.jpg,192,176
483,dog_0120._slice4.jpg,192,176
484,dog_0121._slice1.jpg,149,229
485,dog_0121._slice2.jpg,149,229
486,dog_0121._slice3.jpg,149,229
487,dog_0121._slice4.jpg,149,229
488,dog_0122._slice1.jpg,200,147
489,dog_0122._slice2.jpg,200,147
490,dog_0122._slice3.jpg,200,147
491,dog_0122._slice4.jpg,200,147
492,dog_0123._slice1.jpg,116,179
493,dog_0123._slice2.jpg,116,179
494,dog_0123._slice3.jpg,116,179
495,dog_0123._slice4.jpg,116,179
496,dog_0124._slice1.jpg,235,235
497,dog_0124._slice2.jpg,235,235
498,dog_0124._slice3.jpg,235,235
499,dog_0124._slice4.jpg,235,235
500,dog_0125._slice1.jpg,211,229
501,dog_0125._slice2.jpg,211,229
502,dog_0125._slice3.jpg,211,229
503,dog_0125._slice4.jpg,211,229
504,dog_0126._slice1.jpg,177,220
505,dog_0126._slice2.jpg,177,220
506,dog_0126._slice3.jpg,177,220
507,dog_0126._slice4.jpg,177,220
508,dog_0127._slice1.jpg,108,158
509,dog_0127._slice2.jpg,108,158
510,dog_0127._slice3.jpg,108,158
511,dog_0127._slice4.jpg,108,158
512,dog_0128._slice1.jpg,132,204
513,dog_0128._slice2.jpg,132,204
514,dog_0128._slice3.jpg,132,204
515,dog_0128._slice4.jpg,132,204
516,dog_0129._slice1.jpg,171,213
517,dog_0129._slice2.jpg,171,213
518,dog_0129._slice3.jpg,171,213
519,dog_0129._slice4.jpg,171,213
520,dog_0130._slice1.jpg,230,156
521,dog_0130._slice2.jpg,230,156
522,dog_0130._slice3.jpg,230,156
523,dog_0130._slice4.jpg,230,156
524,dog_0131._slice1.jpg,235,186
525,dog_0131._slice2.jpg,235,186
526,dog_0131._slice3.jpg,235,186
527,dog_0131._slice4.jpg,235,186
528,dog_0132._slice1.jpg,147,174
529,dog_0132._slice2.jpg,147,174
530,dog_0132._slice3.jpg,147,174
531,dog_0132._slice4.jpg,147,174
532,dog_0133._slice1.jpg,172,155
533,dog_0133._slice2.jpg,172,155
534,dog_0133._slice3.jpg,172,155
535,dog_0133._slice4.jpg,172,155
536,dog_0134._slice1.jpg,152,121
537,dog_0134._slice2.jpg,152,121
538,dog_0134._slice3.jpg,152,121
539,dog_0134._slice4.jpg,152,121
540,dog_0135._slice1.jpg,172,128
541,dog_0135._slice2.jpg,172,128
542,dog_0135._slice3.jpg,172,128
543,dog_0135._slice4.jpg,172,128
544,dog_0136._slice1.jpg,170,192
545,dog_0136._slice2.jpg,170,192
546,dog_0136._slice3.jpg,170,192
547,dog_0136._slice4.jpg,170,192
548,dog_0137._slice1.jpg,195,235
549,dog_0137._slice2.jpg,195,235
550,dog_0137._slice3.jpg,195,235
551,dog_0137._slice4.jpg,195,235
552,dog_0138._slice1.jpg,85,86
553,dog_0138._slice2.jpg,85,86
554,dog_0138._slice3.jpg,85,86
555,dog_0138._slice4.jpg,85,86
556,dog_0139._slice1.jpg,189,118
557,dog_0139._slice2.jpg,189,118
558,dog_0139._slice3.jpg,189,118
559,dog_0139._slice4.jpg,189,118
560,dog_0140._slice1.jpg,183,110
561,dog_0140._slice2.jpg,183,110
562,dog_0140._slice3.jpg,183,110
563,dog_0140._slice4.jpg,183,110
564,dog_0141._slice1.jpg,215,135
565,dog_0141._slice2.jpg,215,135
566,dog_0141._slice3.jpg,215,135
567,dog_0141._slice4.jpg,215,135
568,dog_0142._slice1.jpg,182,201
569,dog_0142._slice2.jpg,182,201
570,dog_0142._slice3.jpg,182,201
571,dog_0142._slice4.jpg,182,201
572,dog_0143._slice1.jpg,228,169
573,dog_0143._slice2.jpg,228,169
574,dog_0143._slice3.jpg,228,169
575,dog_0143._slice4.jpg,228,169
576,dog_0144._slice1.jpg,169,103
577,dog_0144._slice2.jpg,169,103
578,dog_0144._slice3.jpg,169,103
579,dog_0144._slice4.jpg,169,103
580,dog_0145._slice1.jpg,179,149
581,dog_0145._slice2.jpg,179,149
582,dog_0145._slice3.jpg,179,149
583,dog_0145._slice4.jpg,179,149
584,dog_0146._slice1.jpg,195,153
585,dog_0146._slice2.jpg,195,153
586,dog_0146._slice3.jpg,195,153
587,dog_0146._slice4.jpg,195,153
588,dog_0147._slice1.jpg,66,77
589,dog_0147._slice2.jpg,66,77
590,dog_0147._slice3.jpg,66,77
591,dog_0147._slice4.jpg,66,77
592,dog_0148._slice1.jpg,169,168
593,dog_0148._slice2.jpg,169,168
594,dog_0148._slice3.jpg,169,168
595,dog_0148._slice4.jpg,169,168
596,dog_0149._slice1.jpg,83,44
597,dog_0149._slice2.jpg,83,44
598,dog_0149._slice3.jpg,83,44
599,dog_0149._slice4.jpg,83,44
600,dog_0150._slice1.jpg,121,194
601,dog_0150._slice2.jpg,121,194
602,dog_0150._slice3.jpg,121,194
603,dog_0150._slice4.jpg,121,194
604,dog_0151._slice1.jpg,78,104
605,dog_0151._slice2.jpg,78,104
606,dog_0151._slice3.jpg,78,104
607,dog_0151._slice4.jpg,78,104
608,dog_0152._slice1.jpg,132,134
609,dog_0152._slice2.jpg,132,134
610,dog_0152._slice3.jpg,132,134
611,dog_0152._slice4.jpg,132,134
612,dog_0153._slice1.jpg,184,156
613,dog_0153._slice2.jpg,184,156
614,dog_0153._slice3.jpg,184,156
615,dog_0153._slice4.jpg,184,156
616,dog_0154._slice1.jpg,140,173
617,dog_0154._slice2.jpg,140,173
618,dog_0154._slice3.jpg,140,173
619,dog_0154._slice4.jpg,140,173
620,dog_0155._slice1.jpg,136,205
621,dog_0155._slice2.jpg,136,205
622,dog_0155._slice3.jpg,136,205
623,dog_0155._slice4.jpg,136,205
624,dog_0156._slice1.jpg,168,201
625,dog_0156._slice2.jpg,168,201
626,dog_0156._slice3.jpg,168,201
627,dog_0156._slice4.jpg,168,201
628,dog_0157._slice1.jpg,80,112
629,dog_0157._slice2.jpg,80,112
630,dog_0157._slice3.jpg,80,112
631,dog_0157._slice4.jpg,80,112
632,dog_0158._slice1.jpg,25,29
633,dog_0158._slice2.jpg,25,29
634,dog_0158._slice3.jpg,25,29
635,dog_0158._slice4.jpg,25,29
636,dog_0159._slice1.jpg,232,176
637,dog_0159._slice2.jpg,232,176
638,dog_0159._slice3.jpg,232,176
639,dog_0159._slice4.jpg,232,176
640,dog_0160._slice1.jpg,236,232
641,dog_0160._slice2.jpg,236,232
642,dog_0160._slice3.jpg,236,232
643,dog_0160._slice4.jpg,236,232
644,dog_0161._slice1.jpg,228,244
645,dog_0161._slice2.jpg,228,244
646,dog_0161._slice3.jpg,228,244
647,dog_0161._slice4.jpg,228,244
648,dog_0162._slice1.jpg,119,154
649,dog_0162._slice2.jpg,119,154
650,dog_0162._slice3.jpg,119,154
651,dog_0162._slice4.jpg,119,154
652,dog_0163._slice1.jpg,196,217
653,dog_0163._slice2.jpg,196,217
654,dog_0163._slice3.jpg,196,217
655,dog_0163._slice4.jpg,196,217
656,dog_0164._slice1.jpg,194,160
657,dog_0164._slice2.jpg,194,160
658,dog_0164._slice3.jpg,194,160
659,dog_0164._slice4.jpg,194,160
660,dog_0165._slice1.jpg,114,236
661,dog_0165._slice2.jpg,114,236
662,dog_0165._slice3.jpg,114,236
663,dog_0165._slice4.jpg,114,236
664,dog_0166._slice1.jpg,103,141
665,dog_0166._slice2.jpg,103,141
666,dog_0166._slice3.jpg,103,141
667,dog_0166._slice4.jpg,103,141
668,dog_0167._slice1.jpg,105,95
669,dog_0167._slice2.jpg,105,95
670,dog_0167._slice3.jpg,105,95
671,dog_0167._slice4.jpg,105,95
672,dog_0168._slice1.jpg,103,160
673,dog_0168._slice2.jpg,103,160
674,dog_0168._slice3.jpg,103,160
675,dog_0168._slice4.jpg,103,160
676,dog_0169._slice1.jpg,123,179
677,dog_0169._slice2.jpg,123,179
678,dog_0169._slice3.jpg,123,179
679,dog_0169._slice4.jpg,123,179
680,dog_0170._slice1.jpg,136,220
681,dog_0170._slice2.jpg,136,220
682,dog_0170._slice3.jpg,136,220
683,dog_0170._slice4.jpg,136,220
684,dog_0171._slice1.jpg,164,145
685,dog_0171._slice2.jpg,164,145
686,dog_0171._slice3.jpg,164,145
687,dog_0171._slice4.jpg,164,145
688,dog_0172._slice1.jpg,171,144
689,dog_0172._slice2.jpg,171,144
690,dog_0172._slice3.jpg,171,144
691,dog_0172._slice4.jpg,171,144
692,dog_0173._slice1.jpg,157,219
693,dog_0173._slice2.jpg,157,219
694,dog_0173._slice3.jpg,157,219
695,dog_0173._slice4.jpg,157,219
696,dog_0174._slice1.jpg,114,79
697,dog_0174._slice2.jpg,114,79
698,dog_0174._slice3.jpg,114,79
699,dog_0174._slice4.jpg,114,79
700,dog_0175._slice1.jpg,187,202
701,dog_0175._slice2.jpg,187,202
702,dog_0175._slice3.jpg,187,202
703,dog_0175._slice4.jpg,187,202
704,dog_0176._slice1.jpg,77,133
705,dog_0176._slice2.jpg,77,133
706,dog_0176._slice3.jpg,77,133
707,dog_0176._slice4.jpg,77,133
708,dog_0177._slice1.jpg,65,101
709,dog_0177._slice2.jpg,65,101
710,dog_0177._slice3.jpg,65,101
711,dog_0177._slice4.jpg,65,101
712,dog_0178._slice1.jpg,62,60
713,dog_0178._slice2.jpg,62,60
714,dog_0178._slice3.jpg,62,60
715,dog_0178._slice4.jpg,62,60
716,dog_0179._slice1.jpg,121,167
717,dog_0179._slice2.jpg,121,167
718,dog_0179._slice3.jpg,121,167
719,dog_0179._slice4.jpg,121,167
720,dog_0180._slice1.jpg,242,171
721,dog_0180._slice2.jpg,242,171
722,dog_0180._slice3.jpg,242,171
723,dog_0180._slice4.jpg,242,171
724,dog_0181._slice1.jpg,246,210
725,dog_0181._slice2.jpg,246,210
726,dog_0181._slice3.jpg,246,210
727,dog_0181._slice4.jpg,246,210
728,dog_0182._slice1.jpg,189,235
729,dog_0182._slice2.jpg,189,235
730,dog_0182._slice3.jpg,189,235
731,dog_0182._slice4.jpg,189,235
732,dog_0183._slice1.jpg,211,231
733,dog_0183._slice2.jpg,211,231
734,dog_0183._slice3.jpg,211,231
735,dog_0183._slice4.jpg,211,231
736,dog_0184._slice1.jpg,173,122
737,dog_0184._slice2.jpg,173,122
738,dog_0184._slice3.jpg,173,122
739,dog_0184._slice4.jpg,173,122
740,dog_0185._slice1.jpg,146,140
741,dog_0185._slice2.jpg,146,140
742,dog_0185._slice3.jpg,146,140
743,dog_0185._slice4.jpg,146,140
744,dog_0186._slice1.jpg,230,213
745,dog_0186._slice2.jpg,230,213
746,dog_0186._slice3.jpg,230,213
747,dog_0186._slice4.jpg,230,213
748,dog_0187._slice1.jpg,33,90
749,dog_0187._slice2.jpg,33,90
750,dog_0187._slice3.jpg,33,90
751,dog_0187._slice4.jpg,33,90
752,dog_0188._slice1.jpg,101,166
753,dog_0188._slice2.jpg,101,166
754,dog_0188._slice3.jpg,101,166
755,dog_0188._slice4.jpg,101,166
756,dog_0189._slice1.jpg,86,212
757,dog_0189._slice2.jpg,86,212
758,dog_0189._slice3.jpg,86,212
759,dog_0189._slice4.jpg,86,212
760,dog_0190._slice1.jpg,111,115
761,dog_0190._slice2.jpg,111,115
762,dog_0190._slice3.jpg,111,115
763,dog_0190._slice4.jpg,111,115
764,dog_0191._slice1.jpg,101,104
765,dog_0191._slice2.jpg,101,104
766,dog_0191._slice3.jpg,101,104
767,dog_0191._slice4.jpg,101,104
768,dog_0192._slice1.jpg,181,143
769,dog_0192._slice2.jpg,181,143
770,dog_0192._slice3.jpg,181,143
771,dog_0192._slice4.jpg,181,143
772,dog_0193._slice1.jpg,183,184
773,dog_0193._slice2.jpg,183,184
774,dog_0193._slice3.jpg,183,184
775,dog_0193._slice4.jpg,183,184
776,dog_0194._slice1.jpg,107,85
777,dog_0194._slice2.jpg,107,85
778,dog_0194._slice3.jpg,107,85
779,dog_0194._slice4.jpg,107,85
780,dog_0195._slice1.jpg,86,177
781,dog_0195._slice2.jpg,86,177
782,dog_0195._slice3.jpg,86,177
783,dog_0195._slice4.jpg,86,177
784,dog_0196._slice1.jpg,128,162
785,dog_0196._slice2.jpg,128,162
786,dog_0196._slice3.jpg,128,162
787,dog_0196._slice4.jpg,128,162
788,dog_0197._slice1.jpg,86,141
789,dog_0197._slice2.jpg,86,141
790,dog_0197._slice3.jpg,86,141
791,dog_0197._slice4.jpg,86,141
792,dog_0198._slice1.jpg,196,236
793,dog_0198._slice2.jpg,196,236
794,dog_0198._slice3.jpg,196,236
795,dog_0198._slice4.jpg,196,236
796,dog_0199._slice1.jpg,82,102
797,dog_0199._slice2.jpg,82,102
798,dog_0199._slice3.jpg,82,102
799,dog_0199._slice4.jpg,82,102
800,dog_0200._slice1.jpg,152,144
801,dog_0200._slice2.jpg,152,144
802,dog_0200._slice3.jpg,152,144
803,dog_0200._slice4.jpg,152,144
804,dog_0201._slice1.jpg,55,156
805,dog_0201._slice2.jpg,55,156
806,dog_0201._slice3.jpg,55,156
807,dog_0201._slice4.jpg,55,156
808,dog_0202._slice1.jpg,90,73
809,dog_0202._slice2.jpg,90,73
810,dog_0202._slice3.jpg,90,73
811,dog_0202._slice4.jpg,90,73
812,dog_0203._slice1.jpg,69,58
813,dog_0203._slice2.jpg,69,58
814,dog_0203._slice3.jpg,69,58
815,dog_0203._slice4.jpg,69,58
816,dog_0204._slice1.jpg,139,215
817,dog_0204._slice2.jpg,139,215
818,dog_0204._slice3.jpg,139,215
819,dog_0204._slice4.jpg,139,215
820,dog_0205._slice1.jpg,155,199
821,dog_0205._slice2.jpg,155,199
822,dog_0205._slice3.jpg,155,199
823,dog_0205._slice4.jpg,155,199
824,dog_0206._slice1.jpg,93,180
825,dog_0206._slice2.jpg,93,180
826,dog_0206._slice3.jpg,93,180
827,dog_0206._slice4.jpg,93,180
828,dog_0207._slice1.jpg,43,117
829,dog_0207._slice2.jpg,43,117
830,dog_0207._slice3.jpg,43,117
831,dog_0207._slice4.jpg,43,117
832,dog_0208._slice1.jpg,184,177
833,dog_0208._slice2.jpg,184,177
834,dog_0208._slice3.jpg,184,177
835,dog_0208._slice4.jpg,184,177
836,dog_0209._slice1.jpg,166,245
837,dog_0209._slice2.jpg,166,245
838,dog_0209._slice3.jpg,166,245
839,dog_0209._slice4.jpg,166,245
840,dog_0210._slice1.jpg,140,209
841,dog_0210._slice2.jpg,140,209
842,dog_0210._slice3.jpg,140,209
843,dog_0210._slice4.jpg,140,209
844,dog_0000_slice1.jpg,58,44
845,dog_0000_slice2.jpg,58,44
846,dog_0000_slice3.jpg,58,44
847,dog_0000_slice4.jpg,58,44
848,dog_0001_slice1.jpg,45,100
849,dog_0001_slice2.jpg,45,100
850,dog_0001_slice3.jpg,45,100
851,dog_0001_slice4.jpg,45,100
852,dog_0002_slice1.jpg,124,237
853,dog_0002_slice2.jpg,124,237
854,dog_0002_slice3.jpg,124,237
855,dog_0002_slice4.jpg,124,237
856,dog_0003_slice1.jpg,141,237
857,dog_0003_slice2.jpg,141,237
858,dog_0003_slice3.jpg,141,237
859,dog_0003_slice4.jpg,141,237
860,dog_0004_slice1.jpg,168,107
861,dog_0004_slice2.jpg,168,107
862,dog_0004_slice3.jpg,168,107
863,dog_0004_slice4.jpg,168,107
864,dog_0005_slice1.jpg,76,111
865,dog_0005_slice2.jpg,76,111
866,dog_0005_slice3.jpg,76,111
867,dog_0005_slice4.jpg,76,111
868,dog_0006_slice1.jpg,191,186
869,dog_0006_slice2.jpg,191,186
870,dog_0006_slice3.jpg,191,186
871,dog_0006_slice4.jpg,191,186
872,dog_0007_slice1.jpg,183,179
873,dog_0007_slice2.jpg,183,179
874,dog_0007_slice3.jpg,183,179
875,dog_0007_slice4.jpg,183,179
876,dog_0008_slice1.jpg,136,158
877,dog_0008_slice2.jpg,136,158
878,dog_0008_slice3.jpg,136,158
879,dog_0008_slice4.jpg,136,158
880,dog_0009_slice1.jpg,216,182
881,dog_0009_slice2.jpg,216,182
882,dog_0009_slice3.jpg,216,182
883,dog_0009_slice4.jpg,216,182
884,dog_0010_slice1.jpg,69,45
885,dog_0010_slice2.jpg,69,45
886,dog_0010_slice3.jpg,69,45
887,dog_0010_slice4.jpg,69,45
888,dog_0011_slice1.jpg,128,171
889,dog_0011_slice2.jpg,128,171
890,dog_0011_slice3.jpg,128,171
891,dog_0011_slice4.jpg,128,171
892,dog_0012_slice1.jpg,62,81
893,dog_0012_slice2.jpg,62,81
894,dog_0012_slice3.jpg,62,81
895,dog_0012_slice4.jpg,62,81
896,dog_0013_slice1.jpg,89,111
897,dog_0013_slice2.jpg,89,111
898,dog_0013_slice3.jpg,89,111
899,dog_0013_slice4.jpg,89,111
900,dog_0014_slice1.jpg,105,131
901,dog_0014_slice2.jpg,105,131
902,dog_0014_slice3.jpg,105,131
903,dog_0014_slice4.jpg,105,131
904,dog_0015_slice1.jpg,208,134
905,dog_0015_slice2.jpg,208,134
906,dog_0015_slice3.jpg,208,134
907,dog_0015_slice4.jpg,208,134
908,dog_0016_slice1.jpg,156,167
909,dog_0016_slice2.jpg,156,167
910,dog_0016_slice3.jpg,156,167
911,dog_0016_slice4.jpg,156,167
912,dog_0017_slice1.jpg,164,218
913,dog_0017_slice2.jpg,164,218
914,dog_0017_slice3.jpg,164,218
915,dog_0017_slice4.jpg,164,218
916,dog_0018_slice1.jpg,132,146
917,dog_0018_slice2.jpg,132,146
918,dog_0018_slice3.jpg,132,146
919,dog_0018_slice4.jpg,132,146
920,dog_0019_slice1.jpg,94,68
921,dog_0019_slice2.jpg,94,68
922,dog_0019_slice3.jpg,94,68
923,dog_0019_slice4.jpg,94,68
924,dog_0020_slice1.jpg,145,177
925,dog_0020_slice2.jpg,145,177
926,dog_0020_slice3.jpg,145,177
927,dog_0020_slice4.jpg,145,177
928,dog_0021_slice1.jpg,137,239
929,dog_0021_slice2.jpg,137,239
930,dog_0021_slice3.jpg,137,239
931,dog_0021_slice4.jpg,137,239
932,dog_0022_slice1.jpg,219,182
933,dog_0022_slice2.jpg,219,182
934,dog_0022_slice3.jpg,219,182
935,dog_0022_slice4.jpg,219,182
936,dog_0023_slice1.jpg,246,226
937,dog_0023_slice2.jpg,246,226
938,dog_0023_slice3.jpg,246,226
939,dog_0023_slice4.jpg,246,226
940,dog_0024_slice1.jpg,35,32
941,dog_0024_slice2.jpg,35,32
942,dog_0024_slice3.jpg,35,32
943,dog_0024_slice4.jpg,35,32
944,dog_0025_slice1.jpg,93,171
945,dog_0025_slice2.jpg,93,171
946,dog_0025_slice3.jpg,93,171
947,dog_0025_slice4.jpg,93,171
948,dog_0026_slice1.jpg,217,131
949,dog_0026_slice2.jpg,217,131
950,dog_0026_slice3.jpg,217,131
951,dog_0026_slice4.jpg,217,131
952,dog_0027_slice1.jpg,91,107
953,dog_0027_slice2.jpg,91,107
954,dog_0027_slice3.jpg,91,107
955,dog_0027_slice4.jpg,91,107
956,dog_0028_slice1.jpg,74,105
957,dog_0028_slice2.jpg,74,105
958,dog_0028_slice3.jpg,74,105
959,dog_0028_slice4.jpg,74,105
960,dog_0029_slice1.jpg,156,133
961,dog_0029_slice2.jpg,156,133
962,dog_0029_slice3.jpg,156,133
963,dog_0029_slice4.jpg,156,133
964,dog_0030_slice1.jpg,188,118
965,dog_0030_slice2.jpg,188,118
966,dog_0030_slice3.jpg,188,118
967,dog_0030_slice4.jpg,188,118
968,dog_0031_slice1.jpg,238,246
969,dog_0031_slice2.jpg,238,246
970,dog_0031_slice3.jpg,238,246
971,dog_0031_slice4.jpg,238,246
972,dog_0032_slice1.jpg,38,86
973,dog_0032_slice2.jpg,38,86
974,dog_0032_slice3.jpg,38,86
975,dog_0032_slice4.jpg,38,86
976,dog_0033_slice1.jpg,127,123
977,dog_0033_slice2.jpg,127,123
978,dog_0033_slice3.jpg,127,123
979,dog_0033_slice4.jpg,127,123
980,dog_0034_slice1.jpg,43,44
981,dog_0034_slice2.jpg,43,44
982,dog_0034_slice3.jpg,43,44
983,dog_0034_slice4.jpg,43,44
984,dog_0035_slice1.jpg,234,150
985,dog_0035_slice2.jpg,234,150
986,dog_0035_slice3.jpg,234,150
987,dog_0035_slice4.jpg,234,150
988,dog_0036_slice1.jpg,147,109
989,dog_0036_slice2.jpg,147,109
990,dog_0036_slice3.jpg,147,109
991,dog_0036_slice4.jpg,147,109
992,dog_0037_slice1.jpg,83,113
993,dog_0037_slice2.jpg,83,113
994,dog_0037_slice3.jpg,83,113
995,dog_0037_slice4.jpg,83,113
996,dog_0038_slice1.jpg,137,159
997,dog_0038_slice2.jpg,137,159
998,dog_0038_slice3.jpg,137,159
999,dog_0038_slice4.jpg,137,159
1000,dog_0039_slice1.jpg,200,180
1001,dog_0039_slice2.jpg,200,180
1002,dog_0039_slice3.jpg,200,180
1003,dog_0039_slice4.jpg,200,180
1004,dog_0040_slice1.jpg,133,169
1005,dog_0040_slice2.jpg,133,169
1006,dog_0040_slice3.jpg,133,169
1007,dog_0040_slice4.jpg,133,169
1008,dog_0041_slice1.jpg,230,176
1009,dog_0041_slice2.jpg,230,176
1010,dog_0041_slice3.jpg,230,176
1011,dog_0041_slice4.jpg,230,176
1012,dog_0042_slice1.jpg,85,200
1013,dog_0042_slice2.jpg,85,200
1014,dog_0042_slice3.jpg,85,200
1015,dog_0042_slice4.jpg,85,200
1016,dog_0043_slice1.jpg,109,103
1017,dog_0043_slice2.jpg,109,103
1018,dog_0043_slice3.jpg,109,103
1019,dog_0043_slice4.jpg,109,103
1020,dog_0044_slice1.jpg,132,169
1021,dog_0044_slice2.jpg,132,169
1022,dog_0044_slice3.jpg,132,169
1023,dog_0044_slice4.jpg,132,169
1024,dog_0045_slice1.jpg,225,169
1025,dog_0045_slice2.jpg,225,169
1026,dog_0045_slice3.jpg,225,169
1027,dog_0045_slice4.jpg,225,169
1028,dog_0046_slice1.jpg,119,183
1029,dog_0046_slice2.jpg,119,183
1030,dog_0046_slice3.jpg,119,183
1031,dog_0046_slice4.jpg,119,183
1032,dog_0047_slice1.jpg,78,120
1033,dog_0047_slice2.jpg,78,120
1034,dog_0047_slice3.jpg,78,120
1035,dog_0047_slice4.jpg,78,120
1036,dog_0048_slice1.jpg,129,158
1037,dog_0048_slice2.jpg,129,158
1038,dog_0048_slice3.jpg,129,158
1039,dog_0048_slice4.jpg,129,158
1040,dog_0049_slice1.jpg,175,155
1041,dog_0049_slice2.jpg,175,155
1042,dog_0049_slice3.jpg,175,155
1043,dog_0049_slice4.jpg,175,155
1044,dog_0050_slice1.jpg,119,165
1045,dog_0050_slice2.jpg,119,165
1046,dog_0050_slice3.jpg,119,165
1047,dog_0050_slice4.jpg,119,165
1048,dog_0051_slice1.jpg,99,120
1049,dog_0051_slice2.jpg,99,120
1050,dog_0051_slice3.jpg,99,120
1051,dog_0051_slice4.jpg,99,120
1052,dog_0052_slice1.jpg,191,193
1053,dog_0052_slice2.jpg,191,193
1054,dog_0052_slice3.jpg,191,193
1055,dog_0052_slice4.jpg,191,193
1056,dog_0053_slice1.jpg,144,184
1057,dog_0053_slice2.jpg,144,184
1058,dog_0053_slice3.jpg,144,184
1059,dog_0053_slice4.jpg,144,184
1060,dog_0054_slice1.jpg,28,25
1061,dog_0054_slice2.jpg,28,25
1062,dog_0054_slice3.jpg,28,25
1063,dog_0054_slice4.jpg,28,25
1064,dog_0055_slice1.jpg,246,184
1065,dog_0055_slice2.jpg,246,184
1066,dog_0055_slice3.jpg,246,184
1067,dog_0055_slice4.jpg,246,184
1068,dog_0056_slice1.jpg,147,196
1069,dog_0056_slice2.jpg,147,196
1070,dog_0056_slice3.jpg,147,196
1071,dog_0056_slice4.jpg,147,196
1072,dog_0057_slice1.jpg,223,170
1073,dog_0057_slice2.jpg,223,170
1074,dog_0057_slice3.jpg,223,170
1075,dog_0057_slice4.jpg,223,170
1076,dog_0058_slice1.jpg,69,116
1077,dog_0058_slice2.jpg,69,116
1078,dog_0058_slice3.jpg,69,116
1079,dog_0058_slice4.jpg,69,116
1080,dog_0059_slice1.jpg,116,217
1081,dog_0059_slice2.jpg,116,217
1082,dog_0059_slice3.jpg,116,217
1083,dog_0059_slice4.jpg,116,217
1084,dog_0060_slice1.jpg,143,110
1085,dog_0060_slice2.jpg,143,110
1086,dog_0060_slice3.jpg,143,110
1087,dog_0060_slice4.jpg,143,110
1088,dog_0061_slice1.jpg,94,176
1089,dog_0061_slice2.jpg,94,176
1090,dog_0061_slice3.jpg,94,176
1091,dog_0061_slice4.jpg,94,176
1092,dog_0062_slice1.jpg,86,142
1093,dog_0062_slice2.jpg,86,142
1094,dog_0062_slice3.jpg,86,142
1095,dog_0062_slice4.jpg,86,142
1096,dog_0063_slice1.jpg,228,176
1097,dog_0063_slice2.jpg,228,176
1098,dog_0063_slice3.jpg,228,176
1099,dog_0063_slice4.jpg,228,176
1100,dog_0064_slice1.jpg,47,42
1101,dog_0064_slice2.jpg,47,42
1102,dog_0064_slice3.jpg,47,42
1103,dog_0064_slice4.jpg,47,42
1104,dog_0065_slice1.jpg,158,212
1105,dog_0065_slice2.jpg,158,212
1106,dog_0065_slice3.jpg,158,212
1107,dog_0065_slice4.jpg,158,212
1108,dog_0066_slice1.jpg,197,133
1109,dog_0066_slice2.jpg,197,133
1110,dog_0066_slice3.jpg,197,133
1111,dog_0066_slice4.jpg,197,133
1112,dog_0067_slice1.jpg,114,113
1113,dog_0067_slice2.jpg,114,113
1114,dog_0067_slice3.jpg,114,113
1115,dog_0067_slice4.jpg,114,113
1116,dog_0068_slice1.jpg,172,236
1117,dog_0068_slice2.jpg,172,236
1118,dog_0068_slice3.jpg,172,236
1119,dog_0068_slice4.jpg,172,236
1120,dog_0069_slice1.jpg,195,225
1121,dog_0069_slice2.jpg,195,225
1122,dog_0069_slice3.jpg,195,225
1123,dog_0069_slice4.jpg,195,225
1124,dog_0070_slice1.jpg,199,157
1125,dog_0070_slice2.jpg,199,157
1126,dog_0070_slice3.jpg,199,157
1127,dog_0070_slice4.jpg,199,157
1128,dog_0071_slice1.jpg,154,137
1129,dog_0071_slice2.jpg,154,137
1130,dog_0071_slice3.jpg,154,137
1131,dog_0071_slice4.jpg,154,137
1132,dog_0072_slice1.jpg,50,91
1133,dog_0072_slice2.jpg,50,91
1134,dog_0072_slice3.jpg,50,91
1135,dog_0072_slice4.jpg,50,91
1136,dog_0073_slice1.jpg,244,186
1137,dog_0073_slice2.jpg,244,186
1138,dog_0073_slice3.jpg,244,186
1139,dog_0073_slice4.jpg,244,186
1140,dog_0074_slice1.jpg,115,161
1141,dog_0074_slice2.jpg,115,161
1142,dog_0074_slice3.jpg,115,161
1143,dog_0074_slice4.jpg,115,161
1144,dog_0075_slice1.jpg,231,240
1145,dog_0075_slice2.jpg,231,240
1146,dog_0075_slice3.jpg,231,240
1147,dog_0075_slice4.jpg,231,240
1148,dog_0076_slice1.jpg,85,87
1149,dog_0076_slice2.jpg,85,87
1150,dog_0076_slice3.jpg,85,87
1151,dog_0076_slice4.jpg,85,87
1152,dog_0077_slice1.jpg,195,197
1153,dog_0077_slice2.jpg,195,197
1154,dog_0077_slice3.jpg,195,197
1155,dog_0077_slice4.jpg,195,197
1156,dog_0078_slice1.jpg,44,28
1157,dog_0078_slice2.jpg,44,28
1158,dog_0078_slice3.jpg,44,28
1159,dog_0078_slice4.jpg,44,28
1160,dog_0079_slice1.jpg,130,143
1161,dog_0079_slice2.jpg,130,143
1162,dog_0079_slice3.jpg,130,143
1163,dog_0079_slice4.jpg,130,143
1164,dog_0080_slice1.jpg,144,223
1165,dog_0080_slice2.jpg,144,223
1166,dog_0080_slice3.jpg,144,223
1167,dog_0080_slice4.jpg,144,223
1168,dog_0081_slice1.jpg,192,153
1169,dog_0081_slice2.jpg,192,153
1170,dog_0081_slice3.jpg,192,153
1171,dog_0081_slice4.jpg,192,153
1172,dog_0082_slice1.jpg,148,133
1173,dog_0082_slice2.jpg,148,133
1174,dog_0082_slice3.jpg,148,133
1175,dog_0082_slice4.jpg,148,133
1176,dog_0083_slice1.jpg,96,121
1177,dog_0083_slice2.jpg,96,121
1178,dog_0083_slice3.jpg,96,121
1179,dog_0083_slice4.jpg,96,121
1180,dog_0084_slice1.jpg,130,222
1181,dog_0084_slice2.jpg,130,222
1182,dog_0084_slice3.jpg,130,222
1183,dog_0084_slice4.jpg,130,222
1184,dog_0085_slice1.jpg,142,189
1185,dog_0085_slice2.jpg,142,189
1186,dog_0085_slice3.jpg,142,189
1187,dog_0085_slice4.jpg,142,189
1188,dog_0086_slice1.jpg,117,164
1189,dog_0086_slice2.jpg,117,164
1190,dog_0086_slice3.jpg,117,164
1191,dog_0086_slice4.jpg,117,164
1192,dog_0087_slice1.jpg,115,164
1193,dog_0087_slice2.jpg,115,164
1194,dog_0087_slice3.jpg,115,164
1195,dog_0087_slice4.jpg,115,164
1196,dog_0088_slice1.jpg,93,138
1197,dog_0088_slice2.jpg,93,138
1198,dog_0088_slice3.jpg,93,138
1199,dog_0088_slice4.jpg,93,138
1200,dog_0089_slice1.jpg,235,226
1201,dog_0089_slice2.jpg,235,226
1202,dog_0089_slice3.jpg,235,226
1203,dog_0089_slice4.jpg,235,226
1204,dog_0090_slice1.jpg,142,188
1205,dog_0090_slice2.jpg,142,188
1206,dog_0090_slice3.jpg,142,188
1207,dog_0090_slice4.jpg,142,188
1208,dog_0091_slice1.jpg,171,167
1209,dog_0091_slice2.jpg,171,167
1210,dog_0091_slice3.jpg,171,167
1211,dog_0091_slice4.jpg,171,167
1212,dog_0092_slice1.jpg,85,118
1213,dog_0092_slice2.jpg,85,118
1214,dog_0092_slice3.jpg,85,118
1215,dog_0092_slice4.jpg,85,118
1216,dog_0093_slice1.jpg,123,161
1217,dog_0093_slice2.jpg,123,161
1218,dog_0093_slice3.jpg,123,161
1219,dog_0093_slice4.jpg,123,161
1220,dog_0094_slice1.jpg,112,211
1221,dog_0094_slice2.jpg,112,211
1222,dog_0094_slice3.jpg,112,211
1223,dog_0094_slice4.jpg,112,211
1224,dog_0095_slice1.jpg,106,209
1225,dog_0095_slice2.jpg,106,209
1226,dog_0095_slice3.jpg,106,209
1227,dog_0095_slice4.jpg,106,209
1228,dog_0096_slice1.jpg,155,231
1229,dog_0096_slice2.jpg,155,231
1230,dog_0096_slice3.jpg,155,231
1231,dog_0096_slice4.jpg,155,231
1232,dog_0097_slice1.jpg,85,96
1233,dog_0097_slice2.jpg,85,96
1234,dog_0097_slice3.jpg,85,96
1235,dog_0097_slice4.jpg,85,96
1236,dog_0098_slice1.jpg,107,73
1237,dog_0098_slice2.jpg,107,73
1238,dog_0098_slice3.jpg,107,73
1239,dog_0098_slice4.jpg,107,73
1240,dog_0099_slice1.jpg,149,194
1241,dog_0099_slice2.jpg,149,194
1242,dog_0099_slice3.jpg,149,194
1243,dog_0099_slice4.jpg,149,194
1244,dog_0100_slice1.jpg,128,163
1245,dog_0100_slice2.jpg,128,163
1246,dog_0100_slice3.jpg,128,163
1247,dog_0100_slice4.jpg,128,163
1248,dog_0101_slice1.jpg,83,82
1249,dog_0101_slice2.jpg,83,82
1250,dog_0101_slice3.jpg,83,82
1251,dog_0101_slice4.jpg,83,82
1252,dog_0102_slice1.jpg,163,205
1253,dog_0102_slice2.jpg,163,205
1254,dog_0102_slice3.jpg,163,205
1255,dog_0102_slice4.jpg,163,205
1256,dog_0103_slice1.jpg,123,158
1257,dog_0103_slice2.jpg,123,158
1258,dog_0103_slice3.jpg,123,158
1259,dog_0103_slice4.jpg,123,158
1260,dog_0104_slice1.jpg,131,211
1261,dog_0104_slice2.jpg,131,211
1262,dog_0104_slice3.jpg,131,211
1263,dog_0104_slice4.jpg,131,211
1264,dog_0105_slice1.jpg,135,162
1265,dog_0105_slice2.jpg,135,162
1266,dog_0105_slice3.jpg,135,162
1267,dog_0105_slice4.jpg,135,162
1268,dog_0106_slice1.jpg,187,211
1269,dog_0106_slice2.jpg,187,211
1270,dog_0106_slice3.jpg,187,211
1271,dog_0106_slice4.jpg,187,211
1272,dog_0107_slice1.jpg,92,96
1273,dog_0107_slice2.jpg,92,96
1274,dog_0107_slice3.jpg,92,96
1275,dog_0107_slice4.jpg,92,96
1276,dog_0108_slice1.jpg,109,177
1277,dog_0108_slice2.jpg,109,177
1278,dog_0108_slice3.jpg,109,177
1279,dog_0108_slice4.jpg,109,177
1280,dog_0109_slice1.jpg,87,245
1281,dog_0109_slice2.jpg,87,245
1282,dog_0109_slice3.jpg,87,245
1283,dog_0109_slice4.jpg,87,245
1284,dog_0110_slice1.jpg,134,151
1285,dog_0110_slice2.jpg,134,151
1286,dog_0110_slice3.jpg,134,151
1287,dog_0110_slice4.jpg,134,151
1288,dog_0111_slice1.jpg,114,183
1289,dog_0111_slice2.jpg,114,183
1290,dog_0111_slice3.jpg,114,183
1291,dog_0111_slice4.jpg,114,183
1292,dog_0112_slice1.jpg,233,174
1293,dog_0112_slice2.jpg,233,174
1294,dog_0112_slice3.jpg,233,174
1295,dog_0112_slice4.jpg,233,174
1296,dog_0113_slice1.jpg,125,212
1297,dog_0113_slice2.jpg,125,212
1298,dog_0113_slice3.jpg,125,212
1299,dog_0113_slice4.jpg,125,212
1300,dog_0114_slice1.jpg,104,240
1301,dog_0114_slice2.jpg,104,240
1302,dog_0114_slice3.jpg,104,240
1303,dog_0114_slice4.jpg,104,240
1304,dog_0115_slice1.jpg,79,150
1305,dog_0115_slice2.jpg,79,150
1306,dog_0115_slice3.jpg,79,150
1307,dog_0115_slice4.jpg,79,150
1308,dog_0116_slice1.jpg,125,215
1309,dog_0116_slice2.jpg,125,215
1310,dog_0116_slice3.jpg,125,215
1311,dog_0116_slice4.jpg,125,215
1312,dog_0117_slice1.jpg,127,67
1313,dog_0117_slice2.jpg,127,67
1314,dog_0117_slice3.jpg,127,67
1315,dog_0117_slice4.jpg,127,67
1316,dog_0118_slice1.jpg,61,58
1317,dog_0118_slice2.jpg,61,58
1318,dog_0118_slice3.jpg,61,58
1319,dog_0118_slice4.jpg,61,58
1320,dog_0119_slice1.jpg,51,173
1321,dog_0119_slice2.jpg,51,173
1322,dog_0119_slice3.jpg,51,173
1323,dog_0119_slice4.jpg,51,173
1324,dog_0120_slice1.jpg,192,176
1325,dog_0120_slice2.jpg,192,176
1326,dog_0120_slice3.jpg,192,176
1327,dog_0120_slice4.jpg,192,176
1328,dog_0121_slice1.jpg,149,229
1329,dog_0121_slice2.jpg,149,229
1330,dog_0121_slice3.jpg,149,229
1331,dog_0121_slice4.jpg,149,229
1332,dog_0122_slice1.jpg,200,147
1333,dog_0122_slice2.jpg,200,147
1334,dog_0122_slice3.jpg,200,147
1335,dog_0122_slice4.jpg,200,147
1336,dog_0123_slice1.jpg,116,179
1337,dog_0123_slice2.jpg,116,179
1338,dog_0123_slice3.jpg,116,179
1339,dog_0123_slice4.jpg,116,179
1340,dog_0124_slice1.jpg,235,235
1341,dog_0124_slice2.jpg,235,235
1342,dog_0124_slice3.jpg,235,235
1343,dog_0124_slice4.jpg,235,235
1344,dog_0125_slice1.jpg,211,229
1345,dog_0125_slice2.jpg,211,229
1346,dog_0125_slice3.jpg,211,229
1347,dog_0125_slice4.jpg,211,229
1348,dog_0126_slice1.jpg,177,220
1349,dog_0126_slice2.jpg,177,220
1350,dog_0126_slice3.jpg,177,220
1351,dog_0126_slice4.jpg,177,220
1352,dog_0127_slice1.jpg,108,158
1353,dog_0127_slice2.jpg,108,158
1354,dog_0127_slice3.jpg,108,158
1355,dog_0127_slice4.jpg,108,158
1356,dog_0128_slice1.jpg,132,204
1357,dog_0128_slice2.jpg,132,204
1358,dog_0128_slice3.jpg,132,204
1359,dog_0128_slice4.jpg,132,204
1360,dog_0129_slice1.jpg,171,213
1361,dog_0129_slice2.jpg,171,213
1362,dog_0129_slice3.jpg,171,213
1363,dog_0129_slice4.jpg,171,213
1364,dog_0130_slice1.jpg,230,156
1365,dog_0130_slice2.jpg,230,156
1366,dog_0130_slice3.jpg,230,156
1367,dog_0130_slice4.jpg,230,156
1368,dog_0131_slice1.jpg,235,186
1369,dog_0131_slice2.jpg,235,186
1370,dog_0131_slice3.jpg,235,186
1371,dog_0131_slice4.jpg,235,186
1372,dog_0132_slice1.jpg,147,174
1373,dog_0132_slice2.jpg,147,174
1374,dog_0132_slice3.jpg,147,174
1375,dog_0132_slice4.jpg,147,174
1376,dog_0133_slice1.jpg,172,155
1377,dog_0133_slice2.jpg,172,155
1378,dog_0133_slice3.jpg,172,155
1379,dog_0133_slice4.jpg,172,155
1380,dog_0134_slice1.jpg,152,121
1381,dog_0134_slice2.jpg,152,121
1382,dog_0134_slice3.jpg,152,121
1383,dog_0134_slice4.jpg,152,121
1384,dog_0135_slice1.jpg,172,128
1385,dog_0135_slice2.jpg,172,128
1386,dog_0135_slice3.jpg,172,128
1387,dog_0135_slice4.jpg,172,128
1388,dog_0136_slice1.jpg,170,192
1389,dog_0136_slice2.jpg,170,192
1390,dog_0136_slice3.jpg,170,192
1391,dog_0136_slice4.jpg,170,192
1392,dog_0137_slice1.jpg,195,235
1393,dog_0137_slice2.jpg,195,235
1394,dog_0137_slice3.jpg,195,235
1395,dog_0137_slice4.jpg,195,235
1396,dog_0138_slice1.jpg,85,86
1397,dog_0138_slice2.jpg,85,86
1398,dog_0138_slice3.jpg,85,86
1399,dog_0138_slice4.jpg,85,86
1400,dog_0139_slice1.jpg,189,118
1401,dog_0139_slice2.jpg,189,118
1402,dog_0139_slice3.jpg,189,118
1403,dog_0139_slice4.jpg,189,118
1404,dog_0140_slice1.jpg,183,110
1405,dog_0140_slice2.jpg,183,110
1406,dog_0140_slice3.jpg,183,110
1407,dog_0140_slice4.jpg,183,110
1408,dog_0141_slice1.jpg,215,135
1409,dog_0141_slice2.jpg,215,135
1410,dog_0141_slice3.jpg,215,135
1411,dog_0141_slice4.jpg,215,135
1412,dog_0142_slice1.jpg,182,201
1413,dog_0142_slice2.jpg,182,201
1414,dog_0142_slice3.jpg,182,201
1415,dog_0142_slice4.jpg,182,201
1416,dog_0143_slice1.jpg,228,169
1417,dog_0143_slice2.jpg,228,169
1418,dog_0143_slice3.jpg,228,169
1419,dog_0143_slice4.jpg,228,169
1420,dog_0144_slice1.jpg,169,103
1421,dog_0144_slice2.jpg,169,103
1422,dog_0144_slice3.jpg,169,103
1423,dog_0144_slice4.jpg,169,103
1424,dog_0145_slice1.jpg,179,149
1425,dog_0145_slice2.jpg,179,149
1426,dog_0145_slice3.jpg,179,149
1427,dog_0145_slice4.jpg,179,149
1428,dog_0146_slice1.jpg,195,153
1429,dog_0146_slice2.jpg,195,153
1430,dog_0146_slice3.jpg,195,153
1431,dog_0146_slice4.jpg,195,153
1432,dog_0147_slice1.jpg,66,77
1433,dog_0147_slice2.jpg,66,77
1434,dog_0147_slice3.jpg,66,77
1435,dog_0147_slice4.jpg,66,77
1436,dog_0148_slice1.jpg,169,168
1437,dog_0148_slice2.jpg,169,168
1438,dog_0148_slice3.jpg,169,168
1439,dog_0148_slice4.jpg,169,168
1440,dog_0149_slice1.jpg,83,44
1441,dog_0149_slice2.jpg,83,44
1442,dog_0149_slice3.jpg,83,44
1443,dog_0149_slice4.jpg,83,44
1444,dog_0150_slice1.jpg,121,194
1445,dog_0150_slice2.jpg,121,194
1446,dog_0150_slice3.jpg,121,194
1447,dog_0150_slice4.jpg,121,194
1448,dog_0151_slice1.jpg,78,104
1449,dog_0151_slice2.jpg,78,104
1450,dog_0151_slice3.jpg,78,104
1451,dog_0151_slice4.jpg,78,104
1452,dog_0152_slice1.jpg,132,134
1453,dog_0152_slice2.jpg,132,134
1454,dog_0152_slice3.jpg,132,134
1455,dog_0152_slice4.jpg,132,134
1456,dog_0153_slice1.jpg,184,156
1457,dog_0153_slice2.jpg,184,156
1458,dog_0153_slice3.jpg,184,156
1459,dog_0153_slice4.jpg,184,156
1460,dog_0154_slice1.jpg,140,173
1461,dog_0154_slice2.jpg,140,173
1462,dog_0154_slice3.jpg,140,173
1463,dog_0154_slice4.jpg,140,173
1464,dog_0155_slice1.jpg,136,205
1465,dog_0155_slice2.jpg,136,205
1466,dog_0155_slice3.jpg,136,205
1467,dog_0155_slice4.jpg,136,205
1468,dog_0156_slice1.jpg,168,201
1469,dog_0156_slice2.jpg,168,201
1470,dog_0156_slice3.jpg,168,201
1471,dog_0156_slice4.jpg,168,201
1472,dog_0157_slice1.jpg,80,112
1473,dog_0157_slice2.jpg,80,112
1474,dog_0157_slice3.jpg,80,112
1475,dog_0157_slice4.jpg,80,112
1476,dog_0158_slice1.jpg,25,29
1477,dog_0158_slice2.jpg,25,29
1478,dog_0158_slice3.jpg,25,29
1479,dog_0158_slice4.jpg,25,29
1480,dog_0159_slice1.jpg,232,176
1481,dog_0159_slice2.jpg,232,176
1482,dog_0159_slice3.jpg,232,176
1483,dog_0159_slice4.jpg,232,176
1484,dog_0160_slice1.jpg,236,232
1485,dog_0160_slice2.jpg,236,232
1486,dog_0160_slice3.jpg,236,232
1487,dog_0160_slice4.jpg,236,232
1488,dog_0161_slice1.jpg,228,244
1489,dog_0161_slice2.jpg,228,244
1490,dog_0161_slice3.jpg,228,244
1491,dog_0161_slice4.jpg,228,244
1492,dog_0162_slice1.jpg,119,154
1493,dog_0162_slice2.jpg,119,154
1494,dog_0162_slice3.jpg,119,154
1495,dog_0162_slice4.jpg,119,154
1496,dog_0163_slice1.jpg,196,217
1497,dog_0163_slice2.jpg,196,217
1498,dog_0163_slice3.jpg,196,217
1499,dog_0163_slice4.jpg,196,217
1500,dog_0164_slice1.jpg,194,160
1501,dog_0164_slice2.jpg,194,160
1502,dog_0164_slice3.jpg,194,160
1503,dog_0164_slice4.jpg,194,160
1504,dog_0165_slice1.jpg,114,236
1505,dog_0165_slice2.jpg,114,236
1506,dog_0165_slice3.jpg,114,236
1507,dog_0165_slice4.jpg,114,236
1508,dog_0166_slice1.jpg,103,141
1509,dog_0166_slice2.jpg,103,141
1510,dog_0166_slice3.jpg,103,141
1511,dog_0166_slice4.jpg,103,141
1512,dog_0167_slice1.jpg,105,95
1513,dog_0167_slice2.jpg,105,95
1514,dog_0167_slice3.jpg,105,95
1515,dog_0167_slice4.jpg,105,95
1516,dog_0168_slice1.jpg,103,160
1517,dog_0168_slice2.jpg,103,160
1518,dog_0168_slice3.jpg,103,160
1519,dog_0168_slice4.jpg,103,160
1520,dog_0169_slice1.jpg,123,179
1521,dog_0169_slice2.jpg,123,179
1522,dog_0169_slice3.jpg,123,179
1523,dog_0169_slice4.jpg,123,179
1524,dog_0170_slice1.jpg,136,220
1525,dog_0170_slice2.jpg,136,220
1526,dog_0170_slice3.jpg,136,220
1527,dog_0170_slice4.jpg,136,220
1528,dog_0171_slice1.jpg,164,145
1529,dog_0171_slice2.jpg,164,145
1530,dog_0171_slice3.jpg,164,145
1531,dog_0171_slice4.jpg,164,145
1532,dog_0172_slice1.jpg,171,144
1533,dog_0172_slice2.jpg,171,144
1534,dog_0172_slice3.jpg,171,144
1535,dog_0172_slice4.jpg,171,144
1536,dog_0173_slice1.jpg,157,219
1537,dog_0173_slice2.jpg,157,219
1538,dog_0173_slice3.jpg,157,219
1539,dog_0173_slice4.jpg,157,219
1540,dog_0174_slice1.jpg,114,79
1541,dog_0174_slice2.jpg,114,79
1542,dog_0174_slice3.jpg,114,79
1543,dog_0174_slice4.jpg,114,79
1544,dog_0175_slice1.jpg,187,202
1545,dog_0175_slice2.jpg,187,202
1546,dog_0175_slice3.jpg,187,202
1547,dog_0175_slice4.jpg,187,202
1548,dog_0176_slice1.jpg,77,133
1549,dog_0176_slice2.jpg,77,133
1550,dog_0176_slice3.jpg,77,133
1551,dog_0176_slice4.jpg,77,133
1552,dog_0177_slice1.jpg,65,101
1553,dog_0177_slice2.jpg,65,101
1554,dog_0177_slice3.jpg,65,101
1555,dog_0177_slice4.jpg,65,101
1556,dog_0178_slice1.jpg,62,60
1557,dog_0178_slice2.jpg,62,60
1558,dog_0178_slice3.jpg,62,60
1559,dog_0178_slice4.jpg,62,60
1560,dog_0179_slice1.jpg,121,167
1561,dog_0179_slice2.jpg,121,167
1562,dog_0179_slice3.jpg,121,167
1563,dog_0179_slice4.jpg,121,167
1564,dog_0180_slice1.jpg,242,171
1565,dog_0180_slice2.jpg,242,171
1566,dog_0180_slice3.jpg,242,171
1567,dog_0180_slice4.jpg,242,171
1568,dog_0181_slice1.jpg,246,210
1569,dog_0181_slice2.jpg,246,210
1570,dog_0181_slice3.jpg,246,210
1571,dog_0181_slice4.jpg,246,210
1572,dog_0182_slice1.jpg,189,235
1573,dog_0182_slice2.jpg,189,235
1574,dog_0182_slice3.jpg,189,235
1575,dog_0182_slice4.jpg,189,235
1576,dog_0183_slice1.jpg,211,231
1577,dog_0183_slice2.jpg,211,231
1578,dog_0183_slice3.jpg,211,231
1579,dog_0183_slice4.jpg,211,231
1580,dog_0184_slice1.jpg,173,122
1581,dog_0184_slice2.jpg,173,122
1582,dog_0184_slice3.jpg,173,122
1583,dog_0184_slice4.jpg,173,122
1584,dog_0185_slice1.jpg,146,140
1585,dog_0185_slice2.jpg,146,140
1586,dog_0185_slice3.jpg,146,140
1587,dog_0185_slice4.jpg,146,140
1588,dog_0186_slice1.jpg,230,213
1589,dog_0186_slice2.jpg,230,213
1590,dog_0186_slice3.jpg,230,213
1591,dog_0186_slice4.jpg,230,213
1592,dog_0187_slice1.jpg,33,90
1593,dog_0187_slice2.jpg,33,90
1594,dog_0187_slice3.jpg,33,90
1595,dog_0187_slice4.jpg,33,90
1596,dog_0188_slice1.jpg,101,166
1597,dog_0188_slice2.jpg,101,166
1598,dog_0188_slice3.jpg,101,166
1599,dog_0188_slice4.jpg,101,166
1600,dog_0189_slice1.jpg,86,212
1601,dog_0189_slice2.jpg,86,212
1602,dog_0189_slice3.jpg,86,212
1603,dog_0189_slice4.jpg,86,212
1604,dog_0190_slice1.jpg,111,115
1605,dog_0190_slice2.jpg,111,115
1606,dog_0190_slice3.jpg,111,115
1607,dog_0190_slice4.jpg,111,115
1608,dog_0191_slice1.jpg,101,104
1609,dog_0191_slice2.jpg,101,104
1610,dog_0191_slice3.jpg,101,104
1611,dog_0191_slice4.jpg,101,104
1612,dog_0192_slice1.jpg,181,143
1613,dog_0192_slice2.jpg,181,143
1614,dog_0192_slice3.jpg,181,143
1615,dog_0192_slice4.jpg,181,143
1616,dog_0193_slice1.jpg,183,184
1617,dog_0193_slice2.jpg,183,184
1618,dog_0193_slice3.jpg,183,184
1619,dog_0193_slice4.jpg,183,184
1620,dog_0194_slice1.jpg,107,85
1621,dog_0194_slice2.jpg,107,85
1622,dog_0194_slice3.jpg,107,85
1623,dog_0194_slice4.jpg,107,85
1624,dog_0195_slice1.jpg,86,177
1625,dog_0195_slice2.jpg,86,177
1626,dog_0195_slice3.jpg,86,177
1627,dog_0195_slice4.jpg,86,177
1628,dog_0196_slice1.jpg,128,162
1629,dog_0196_slice2.jpg,128,162
1630,dog_0196_slice3.jpg,128,162
1631,dog_0196_slice4.jpg,128,162
1632,dog_0197_slice1.jpg,86,141
1633,dog_0197_slice2.jpg,86,141
1634,dog_0197_slice3.jpg,86,141
1635,dog_0197_slice4.jpg,86,141
1636,dog_0198_slice1.jpg,196,236
1637,dog_0198_slice2.jpg,196,236
1638,dog_0198_slice3.jpg,196,236
1639,dog_0198_slice4.jpg,196,236
1640,dog_0199_slice1.jpg,82,102
1641,dog_0199_slice2.jpg,82,102
1642,dog_0199_slice3.jpg,82,102
1643,dog_0199_slice4.jpg,82,102
1644,dog_0200_slice1.jpg,152,144
1645,dog_0200_slice2.jpg,152,144
1646,dog_0200_slice3.jpg,152,144
1647,dog_0200_slice4.jpg,152,144
1648,dog_0201_slice1.jpg,55,156
1649,dog_0201_slice2.jpg,55,156
1650,dog_0201_slice3.jpg,55,156
1651,dog_0201_slice4.jpg,55,156
1652,dog_0202_slice1.jpg,90,73
1653,dog_0202_slice2.jpg,90,73
1654,dog_0202_slice3.jpg,90,73
1655,dog_0202_slice4.jpg,90,73
1656,dog_0203_slice1.jpg,69,58
1657,dog_0203_slice2.jpg,69,58
1658,dog_0203_slice3.jpg,69,58
1659,dog_0203_slice4.jpg,69,58
1660,dog_0204_slice1.jpg,139,215
1661,dog_0204_slice2.jpg,139,215
1662,dog_0204_slice3.jpg,139,215
1663,dog_0204_slice4.jpg,139,215
1664,dog_0205_slice1.jpg,155,199
1665,dog_0205_slice2.jpg,155,199
1666,dog_0205_slice3.jpg,155,199
1667,dog_0205_slice4.jpg,155,199
1668,dog_0206_slice1.jpg,93,180
1669,dog_0206_slice2.jpg,93,180
1670,dog_0206_slice3.jpg,93,180
1671,dog_0206_slice4.jpg,93,180
1672,dog_0207_slice1.jpg,43,117
1673,dog_0207_slice2.jpg,43,117
1674,dog_0207_slice3.jpg,43,117
1675,dog_0207_slice4.jpg,43,117
1676,dog_0208_slice1.jpg,184,177
1677,dog_0208_slice2.jpg,184,177
1678,dog_0208_slice3.jpg,184,177
1679,dog_0208_slice4.jpg,184,177
1680,dog_0209_slice1.jpg,166,245
1681,dog_0209_slice2.jpg,166,245
1682,dog_0209_slice3.jpg,166,245
1683,dog_0209_slice4.jpg,166,245
1684,dog_0210_slice1.jpg,140,209
1685,dog_0210_slice2.jpg,140,209
1686,dog_0210_slice3.jpg,140,209
1687,dog_0210_slice4.jpg,140,209
